-- ----------------------------
-- Records of data_component
-- ----------------------------
INSERT INTO `data_component` (`component_id`, `front_component_id`, `model_id`, `component_code`, `component_name`, `shape`, `width`, `height`, `coordinate_y`, `coordinate_x`, `data_json`, `start_time`, `end_time`, `component_state`, `input_file_path`, `output_file_path`, `is_del`, `create_date`, `update_date`) VALUES (1, '88965848-687d-441b-a4e8-767432f06b1e', 1, 'dataAlignment', '数据对齐', 'dag-node', 180, 50, -330, -200, '[{\"key\":\"projectId\",\"val\":\"1\"},{\"key\":\"modelName\",\"val\":\"短视频\"},{\"key\":\"selectData\",\"val\":\"9\"},{\"key\":\"yField\",\"val\":\"id\"}]', 1651388995150, 1651389000157, 1, NULL, NULL, 0, '2022-04-27 18:40:34.000', '2022-05-01 07:10:00.159');
INSERT INTO `data_component` (`component_id`, `front_component_id`, `model_id`, `component_code`, `component_name`, `shape`, `width`, `height`, `coordinate_y`, `coordinate_x`, `data_json`, `start_time`, `end_time`, `component_state`, `input_file_path`, `output_file_path`, `is_del`, `create_date`, `update_date`) VALUES (2, 'f2a0602f-b17d-4f35-aa0a-f294ef6d370f', 1, 'features', '特征筛选', 'dag-node', 180, 50, -210, -200, '[{\"key\":\"features\",\"val\":\"1\"}]', 1651389000159, 1651389015175, 1, NULL, NULL, 0, '2022-04-27 18:40:34.000', '2022-05-01 07:10:15.177');
INSERT INTO `data_component` (`component_id`, `front_component_id`, `model_id`, `component_code`, `component_name`, `shape`, `width`, `height`, `coordinate_y`, `coordinate_x`, `data_json`, `start_time`, `end_time`, `component_state`, `input_file_path`, `output_file_path`, `is_del`, `create_date`, `update_date`) VALUES (3, 'c8f02225-55a3-4f57-833e-2375d584f12a', 1, 'sample', '样本抽样设计', 'dag-node', 180, 50, -110, -190, '[{\"key\":\"sample\",\"val\":\"1\"}]', 1651389015177, 1651389023184, 1, NULL, NULL, 0, '2022-04-27 18:40:34.000', '2022-05-01 07:10:23.186');
INSERT INTO `data_component` (`component_id`, `front_component_id`, `model_id`, `component_code`, `component_name`, `shape`, `width`, `height`, `coordinate_y`, `coordinate_x`, `data_json`, `start_time`, `end_time`, `component_state`, `input_file_path`, `output_file_path`, `is_del`, `create_date`, `update_date`) VALUES (4, 'bb66cfcb-1e34-4fbb-b80a-a4405021152a', 1, 'exception', '异常处理', 'dag-node', 180, 50, 0, -200, '[{\"key\":\"exception\",\"val\":\"2\"}]', 1651389023186, 1651389030194, 1, NULL, NULL, 0, '2022-04-27 18:40:34.000', '2022-05-01 07:10:30.197');
INSERT INTO `data_component` (`component_id`, `front_component_id`, `model_id`, `component_code`, `component_name`, `shape`, `width`, `height`, `coordinate_y`, `coordinate_x`, `data_json`, `start_time`, `end_time`, `component_state`, `input_file_path`, `output_file_path`, `is_del`, `create_date`, `update_date`) VALUES (5, '01619b8e-9ab7-4ca7-9a96-c75b31243f49', 1, 'featureCoding', '特征编码', 'dag-node', 180, 50, 80, -200, '[{\"key\":\"featureCoding\",\"val\":\"1\"}]', 1651389030196, 1651389037204, 1, NULL, NULL, 0, '2022-04-27 18:40:34.000', '2022-05-01 07:10:37.206');
INSERT INTO `data_component` (`component_id`, `front_component_id`, `model_id`, `component_code`, `component_name`, `shape`, `width`, `height`, `coordinate_y`, `coordinate_x`, `data_json`, `start_time`, `end_time`, `component_state`, `input_file_path`, `output_file_path`, `is_del`, `create_date`, `update_date`) VALUES (6, '3320f09f-ff68-4396-99e6-238c9e1404fb', 1, 'model', '模型选择', 'dag-node', 180, 50, 160, -200, '[{\"key\":\"modelType\",\"val\":\"2\"}]', 1651389037206, 1651389050440, 1, NULL, NULL, 0, '2022-04-27 18:40:34.000', '2022-05-01 07:10:50.442');
INSERT INTO `data_component` (`component_id`, `front_component_id`, `model_id`, `component_code`, `component_name`, `shape`, `width`, `height`, `coordinate_y`, `coordinate_x`, `data_json`, `start_time`, `end_time`, `component_state`, `input_file_path`, `output_file_path`, `is_del`, `create_date`, `update_date`) VALUES (7, 'bb70081e-b01c-42b3-a21e-7491db43423a', 1, 'assessment', '评估模型', 'dag-node', 180, 50, 280, -180, '[]', 1651389050441, 1651389054447, 1, NULL, NULL, 0, '2022-04-27 18:40:34.000', '2022-05-01 07:10:54.449');

-- ----------------------------
-- Records of data_file_field
-- ----------------------------
INSERT INTO `data_file_field` (`field_id`, `file_id`, `resource_id`, `field_name`, `field_as`, `field_type`, `field_desc`, `relevance`, `grouping`, `protection_status`, `is_del`, `create_date`, `update_date`) VALUES (1, 1058, 1, 'mock_id', NULL, 0, NULL, 0, 0, 0, 0, '2022-05-17 02:08:10.000', '2022-05-17 02:08:10.000');
INSERT INTO `data_file_field` (`field_id`, `file_id`, `resource_id`, `field_name`, `field_as`, `field_type`, `field_desc`, `relevance`, `grouping`, `protection_status`, `is_del`, `create_date`, `update_date`) VALUES (2, 1058, 1, 'id', NULL, 0, NULL, 0, 0, 0, 0, '2022-05-17 02:08:10.000', '2022-05-17 02:08:10.000');
INSERT INTO `data_file_field` (`field_id`, `file_id`, `resource_id`, `field_name`, `field_as`, `field_type`, `field_desc`, `relevance`, `grouping`, `protection_status`, `is_del`, `create_date`, `update_date`) VALUES (3, 1058, 1, 'y', NULL, 0, NULL, 0, 0, 0, 0, '2022-05-17 02:08:10.000', '2022-05-17 02:08:10.000');
INSERT INTO `data_file_field` (`field_id`, `file_id`, `resource_id`, `field_name`, `field_as`, `field_type`, `field_desc`, `relevance`, `grouping`, `protection_status`, `is_del`, `create_date`, `update_date`) VALUES (4, 1058, 1, 'x0', NULL, 0, NULL, 0, 0, 0, 0, '2022-05-17 02:08:10.000', '2022-05-17 02:08:10.000');
INSERT INTO `data_file_field` (`field_id`, `file_id`, `resource_id`, `field_name`, `field_as`, `field_type`, `field_desc`, `relevance`, `grouping`, `protection_status`, `is_del`, `create_date`, `update_date`) VALUES (5, 1058, 1, 'x1', NULL, 0, NULL, 0, 0, 0, 0, '2022-05-17 02:08:10.000', '2022-05-17 02:08:10.000');
INSERT INTO `data_file_field` (`field_id`, `file_id`, `resource_id`, `field_name`, `field_as`, `field_type`, `field_desc`, `relevance`, `grouping`, `protection_status`, `is_del`, `create_date`, `update_date`) VALUES (6, 1058, 1, 'x2', NULL, 0, NULL, 0, 0, 0, 0, '2022-05-17 02:08:10.000', '2022-05-17 02:08:10.000');
INSERT INTO `data_file_field` (`field_id`, `file_id`, `resource_id`, `field_name`, `field_as`, `field_type`, `field_desc`, `relevance`, `grouping`, `protection_status`, `is_del`, `create_date`, `update_date`) VALUES (7, 1058, 1, 'x3', NULL, 0, NULL, 0, 0, 0, 0, '2022-05-17 02:08:10.000', '2022-05-17 02:08:10.000');
INSERT INTO `data_file_field` (`field_id`, `file_id`, `resource_id`, `field_name`, `field_as`, `field_type`, `field_desc`, `relevance`, `grouping`, `protection_status`, `is_del`, `create_date`, `update_date`) VALUES (8, 1058, 1, 'x4', NULL, 0, NULL, 0, 0, 0, 0, '2022-05-17 02:08:10.000', '2022-05-17 02:08:10.000');
INSERT INTO `data_file_field` (`field_id`, `file_id`, `resource_id`, `field_name`, `field_as`, `field_type`, `field_desc`, `relevance`, `grouping`, `protection_status`, `is_del`, `create_date`, `update_date`) VALUES (9, 1058, 1, 'x5', NULL, 0, NULL, 0, 0, 0, 0, '2022-05-17 02:08:10.000', '2022-05-17 02:08:10.000');
INSERT INTO `data_file_field` (`field_id`, `file_id`, `resource_id`, `field_name`, `field_as`, `field_type`, `field_desc`, `relevance`, `grouping`, `protection_status`, `is_del`, `create_date`, `update_date`) VALUES (10, 1058, 1, 'x6', NULL, 0, NULL, 0, 0, 0, 0, '2022-05-17 02:08:10.000', '2022-05-17 02:08:10.000');
INSERT INTO `data_file_field` (`field_id`, `file_id`, `resource_id`, `field_name`, `field_as`, `field_type`, `field_desc`, `relevance`, `grouping`, `protection_status`, `is_del`, `create_date`, `update_date`) VALUES (11, 1058, 1, 'x7', NULL, 0, NULL, 0, 0, 0, 0, '2022-05-17 02:08:10.000', '2022-05-17 02:08:10.000');
INSERT INTO `data_file_field` (`field_id`, `file_id`, `resource_id`, `field_name`, `field_as`, `field_type`, `field_desc`, `relevance`, `grouping`, `protection_status`, `is_del`, `create_date`, `update_date`) VALUES (12, 1058, 1, 'x8', NULL, 0, NULL, 0, 0, 0, 0, '2022-05-17 02:08:10.000', '2022-05-17 02:08:10.000');
INSERT INTO `data_file_field` (`field_id`, `file_id`, `resource_id`, `field_name`, `field_as`, `field_type`, `field_desc`, `relevance`, `grouping`, `protection_status`, `is_del`, `create_date`, `update_date`) VALUES (13, 1058, 1, 'x9', NULL, 0, NULL, 0, 0, 0, 0, '2022-05-17 02:08:10.000', '2022-05-17 02:08:10.000');
INSERT INTO `data_file_field` (`field_id`, `file_id`, `resource_id`, `field_name`, `field_as`, `field_type`, `field_desc`, `relevance`, `grouping`, `protection_status`, `is_del`, `create_date`, `update_date`) VALUES (36, 1060, 2, 'id', 'id', 0, '', 1, 1, 1, 0, '2022-05-17 02:40:08.000', '2022-05-26 10:01:08.000');
INSERT INTO `data_file_field` (`field_id`, `file_id`, `resource_id`, `field_name`, `field_as`, `field_type`, `field_desc`, `relevance`, `grouping`, `protection_status`, `is_del`, `create_date`, `update_date`) VALUES (37, 1060, 2, 'sex', 'sex', 0, '', 1, 0, 0, 0, '2022-05-17 02:40:08.000', '2022-05-26 10:01:09.000');
INSERT INTO `data_file_field` (`field_id`, `file_id`, `resource_id`, `field_name`, `field_as`, `field_type`, `field_desc`, `relevance`, `grouping`, `protection_status`, `is_del`, `create_date`, `update_date`) VALUES (38, 1060, 2, 'age', 'age', 0, '', 1, 0, 0, 0, '2022-05-17 02:40:08.000', '2022-05-26 10:02:13.000');
INSERT INTO `data_file_field` (`field_id`, `file_id`, `resource_id`, `field_name`, `field_as`, `field_type`, `field_desc`, `relevance`, `grouping`, `protection_status`, `is_del`, `create_date`, `update_date`) VALUES (39, 1060, 2, 'agesq', 'agesq', 0, '', 1, 0, 0, 0, '2022-05-17 02:40:08.000', '2022-05-26 10:02:14.000');
INSERT INTO `data_file_field` (`field_id`, `file_id`, `resource_id`, `field_name`, `field_as`, `field_type`, `field_desc`, `relevance`, `grouping`, `protection_status`, `is_del`, `create_date`, `update_date`) VALUES (40, 1060, 2, 'income', 'income', 0, '', 1, 0, 1, 0, '2022-05-17 02:40:08.000', '2022-05-26 10:02:34.000');
INSERT INTO `data_file_field` (`field_id`, `file_id`, `resource_id`, `field_name`, `field_as`, `field_type`, `field_desc`, `relevance`, `grouping`, `protection_status`, `is_del`, `create_date`, `update_date`) VALUES (41, 1060, 2, 'levyplus', NULL, 0, NULL, 0, 0, 0, 0, '2022-05-17 02:40:08.000', '2022-05-17 02:40:08.000');
INSERT INTO `data_file_field` (`field_id`, `file_id`, `resource_id`, `field_name`, `field_as`, `field_type`, `field_desc`, `relevance`, `grouping`, `protection_status`, `is_del`, `create_date`, `update_date`) VALUES (42, 1060, 2, 'freepoor', NULL, 0, NULL, 0, 0, 0, 0, '2022-05-17 02:40:08.000', '2022-05-17 02:40:08.000');
INSERT INTO `data_file_field` (`field_id`, `file_id`, `resource_id`, `field_name`, `field_as`, `field_type`, `field_desc`, `relevance`, `grouping`, `protection_status`, `is_del`, `create_date`, `update_date`) VALUES (43, 1060, 2, 'freerepa', NULL, 0, NULL, 0, 0, 0, 0, '2022-05-17 02:40:08.000', '2022-05-17 02:40:08.000');
INSERT INTO `data_file_field` (`field_id`, `file_id`, `resource_id`, `field_name`, `field_as`, `field_type`, `field_desc`, `relevance`, `grouping`, `protection_status`, `is_del`, `create_date`, `update_date`) VALUES (44, 1060, 2, 'illness', NULL, 0, NULL, 0, 0, 0, 0, '2022-05-17 02:40:08.000', '2022-05-17 02:40:08.000');
INSERT INTO `data_file_field` (`field_id`, `file_id`, `resource_id`, `field_name`, `field_as`, `field_type`, `field_desc`, `relevance`, `grouping`, `protection_status`, `is_del`, `create_date`, `update_date`) VALUES (45, 1060, 2, 'actdays', NULL, 0, NULL, 0, 0, 0, 0, '2022-05-17 02:40:08.000', '2022-05-17 02:40:08.000');

-- ----------------------------
-- Records of data_fusion_copy_task
-- ----------------------------
INSERT INTO `data_fusion_copy_task` (`id`, `task_type`, `current_offset`, `target_offset`, `task_table`, `fusion_server_address`, `latest_error_msg`, `is_del`, `c_time`, `u_time`) VALUES (1, 1, 0, 20, 'data_resource', 'http://localhost:8080', 'success', 0, '2022-06-12 10:57:41.000', '2022-06-12 11:10:00.896');

-- ----------------------------
-- Records of data_model
-- ----------------------------
INSERT INTO `data_model` (`model_id`, `model_name`, `model_desc`, `model_type`, `project_id`, `resource_num`, `y_value_column`, `component_speed`, `train_type`, `is_draft`, `user_id`, `organ_id`, `component_json`, `latest_task_id`, `latest_cost_time`, `latest_task_status`, `latest_alignment_ratio`, `latest_alignment_cost`, `latest_analyze_ratio`, `latest_analyze_cost`, `latest_feature_ratio`, `latest_feature_cost`, `latest_sample_ratio`, `latest_sample_cost`, `latest_train_ratio`, `latest_train_cost`, `latest_lack_ratio`, `latest_lack_cost`, `latest_exception_ratio`, `latest_exception_cost`, `is_del`, `create_date`, `update_date`) VALUES (1, '短视频', '短视频任务', 2, 1, 2, 'id', NULL, 1, 1, 1005, 1000, 0x7B2269734472616674223A312C226D6F64656C436F6D706F6E656E7473223A5B7B22636F6D706F6E656E74436F6465223A2264617461416C69676E6D656E74222C22636F6D706F6E656E744964223A2231222C22636F6D706F6E656E744E616D65223A22E695B0E68DAEE5AFB9E9BD90222C22636F6D706F6E656E7456616C756573223A5B7B226B6579223A2270726F6A6563744964222C2276616C223A2231227D2C7B226B6579223A226D6F64656C4E616D65222C2276616C223A22E79FADE8A786E9A291227D2C7B226B6579223A2273656C65637444617461222C2276616C223A2239227D2C7B226B6579223A22794669656C64222C2276616C223A226964227D5D2C22636F6F7264696E61746558223A2D3230302C22636F6F7264696E61746559223A2D3333302C2266726F6E74436F6D706F6E656E744964223A2238383936353834382D363837642D343431622D613465382D373637343332663036623165222C22686569676874223A35302C22696E707574223A5B5D2C226F7574707574223A5B7B22636F6D706F6E656E74436F6465223A226665617475726573222C22636F6D706F6E656E744964223A2232222C22706F696E744A736F6E223A22222C22706F696E7454797065223A2265646765222C22706F72744964223A22706F727431227D5D2C227368617065223A226461672D6E6F6465222C227769647468223A3138307D2C7B22636F6D706F6E656E74436F6465223A226665617475726573222C22636F6D706F6E656E744964223A2232222C22636F6D706F6E656E744E616D65223A22E789B9E5BE81E7AD9BE98089222C22636F6D706F6E656E7456616C756573223A5B7B226B6579223A226665617475726573222C2276616C223A2231227D5D2C22636F6F7264696E61746558223A2D3230302C22636F6F7264696E61746559223A2D3231302C2266726F6E74436F6D706F6E656E744964223A2266326130363032662D623137642D346633352D616130612D663239346566366433373066222C22686569676874223A35302C22696E707574223A5B7B22636F6D706F6E656E74436F6465223A2264617461416C69676E6D656E74222C22636F6D706F6E656E744964223A2231222C22706F696E744A736F6E223A22222C22706F696E7454797065223A2265646765222C22706F72744964223A22706F727432227D5D2C226F7574707574223A5B7B22636F6D706F6E656E74436F6465223A2273616D706C65222C22636F6D706F6E656E744964223A2233222C22706F696E744A736F6E223A22222C22706F696E7454797065223A2265646765222C22706F72744964223A22706F727431227D5D2C227368617065223A226461672D6E6F6465222C227769647468223A3138307D2C7B22636F6D706F6E656E74436F6465223A2273616D706C65222C22636F6D706F6E656E744964223A2233222C22636F6D706F6E656E744E616D65223A22E6A0B7E69CACE68ABDE6A0B7E8AEBEE8AEA1222C22636F6D706F6E656E7456616C756573223A5B7B226B6579223A2273616D706C65222C2276616C223A2231227D5D2C22636F6F7264696E61746558223A2D3139302C22636F6F7264696E61746559223A2D3131302C2266726F6E74436F6D706F6E656E744964223A2263386630323232352D353561332D346635372D383333652D323337356435383466313261222C22686569676874223A35302C22696E707574223A5B7B22636F6D706F6E656E74436F6465223A226665617475726573222C22636F6D706F6E656E744964223A2232222C22706F696E744A736F6E223A22222C22706F696E7454797065223A2265646765222C22706F72744964223A22706F727432227D5D2C226F7574707574223A5B7B22636F6D706F6E656E74436F6465223A22657863657074696F6E222C22636F6D706F6E656E744964223A2234222C22706F696E744A736F6E223A22222C22706F696E7454797065223A2265646765222C22706F72744964223A22706F727431227D5D2C227368617065223A226461672D6E6F6465222C227769647468223A3138307D2C7B22636F6D706F6E656E74436F6465223A22657863657074696F6E222C22636F6D706F6E656E744964223A2234222C22636F6D706F6E656E744E616D65223A22E5BC82E5B8B8E5A484E79086222C22636F6D706F6E656E7456616C756573223A5B7B226B6579223A22657863657074696F6E222C2276616C223A2232227D5D2C22636F6F7264696E61746558223A2D3230302C22636F6F7264696E61746559223A302C2266726F6E74436F6D706F6E656E744964223A2262623636636663622D316533342D346662622D623830612D613434303530323131353261222C22686569676874223A35302C22696E707574223A5B7B22636F6D706F6E656E74436F6465223A2273616D706C65222C22636F6D706F6E656E744964223A2233222C22706F696E744A736F6E223A22222C22706F696E7454797065223A2265646765222C22706F72744964223A22706F727432227D5D2C226F7574707574223A5B7B22636F6D706F6E656E74436F6465223A2266656174757265436F64696E67222C22636F6D706F6E656E744964223A2235222C22706F696E744A736F6E223A22222C22706F696E7454797065223A2265646765222C22706F72744964223A22706F727431227D5D2C227368617065223A226461672D6E6F6465222C227769647468223A3138307D2C7B22636F6D706F6E656E74436F6465223A2266656174757265436F64696E67222C22636F6D706F6E656E744964223A2235222C22636F6D706F6E656E744E616D65223A22E789B9E5BE81E7BC96E7A081222C22636F6D706F6E656E7456616C756573223A5B7B226B6579223A2266656174757265436F64696E67222C2276616C223A2231227D5D2C22636F6F7264696E61746558223A2D3230302C22636F6F7264696E61746559223A38302C2266726F6E74436F6D706F6E656E744964223A2230313631396238652D396162372D346361372D396139362D633735623331323433663439222C22686569676874223A35302C22696E707574223A5B7B22636F6D706F6E656E74436F6465223A22657863657074696F6E222C22636F6D706F6E656E744964223A2234222C22706F696E744A736F6E223A22222C22706F696E7454797065223A2265646765222C22706F72744964223A22706F727432227D5D2C226F7574707574223A5B7B22636F6D706F6E656E74436F6465223A226D6F64656C222C22636F6D706F6E656E744964223A2236222C22706F696E744A736F6E223A22222C22706F696E7454797065223A2265646765222C22706F72744964223A22706F727431227D5D2C227368617065223A226461672D6E6F6465222C227769647468223A3138307D2C7B22636F6D706F6E656E74436F6465223A226D6F64656C222C22636F6D706F6E656E744964223A2236222C22636F6D706F6E656E744E616D65223A22E6A8A1E59E8BE98089E68BA9222C22636F6D706F6E656E7456616C756573223A5B7B226B6579223A226D6F64656C54797065222C2276616C223A2232227D5D2C22636F6F7264696E61746558223A2D3230302C22636F6F7264696E61746559223A3136302C2266726F6E74436F6D706F6E656E744964223A2233333230663039662D666636382D343339362D393965362D323338633965313430346662222C22686569676874223A35302C22696E707574223A5B7B22636F6D706F6E656E74436F6465223A2266656174757265436F64696E67222C22636F6D706F6E656E744964223A2235222C22706F696E744A736F6E223A22222C22706F696E7454797065223A2265646765222C22706F72744964223A22706F727432227D5D2C226F7574707574223A5B7B22636F6D706F6E656E74436F6465223A226173736573736D656E74222C22636F6D706F6E656E744964223A2237222C22706F696E744A736F6E223A22222C22706F696E7454797065223A2265646765222C22706F72744964223A22706F727431227D5D2C227368617065223A226461672D6E6F6465222C227769647468223A3138307D2C7B22636F6D706F6E656E74436F6465223A226173736573736D656E74222C22636F6D706F6E656E744964223A2237222C22636F6D706F6E656E744E616D65223A22E8AF84E4BCB0E6A8A1E59E8B222C22636F6D706F6E656E7456616C756573223A5B5D2C22636F6F7264696E61746558223A2D3138302C22636F6F7264696E61746559223A3238302C2266726F6E74436F6D706F6E656E744964223A2262623730303831652D623031632D343262332D613231652D373439316462343334323361222C22686569676874223A35302C22696E707574223A5B7B22636F6D706F6E656E74436F6465223A226D6F64656C222C22636F6D706F6E656E744964223A2236222C22706F696E744A736F6E223A22222C22706F696E7454797065223A2265646765222C22706F72744964223A22706F727432227D5D2C226F7574707574223A5B5D2C227368617065223A226461672D6E6F6465222C227769647468223A3138307D5D2C226D6F64656C44657363223A22E79FADE8A786E9A291E4BBBBE58AA1222C226D6F64656C4964223A2231222C226D6F64656C506F696E74436F6D706F6E656E7473223A5B7B2266726F6E74436F6D706F6E656E744964223A2234613131383130372D623163302D343961362D396532312D316436303035343632656633222C22696E707574223A7B2263656C6C223A2238383936353834382D363837642D343431622D613465382D373637343332663036623165222C22706F7274223A22706F727432227D2C226F7574707574223A7B2263656C6C223A2266326130363032662D623137642D346633352D616130612D663239346566366433373066222C22706F7274223A22706F727431227D2C227368617065223A2265646765227D2C7B2266726F6E74436F6D706F6E656E744964223A2262666639393862302D333538652D346532342D396562632D643830626163616436613939222C22696E707574223A7B2263656C6C223A2266326130363032662D623137642D346633352D616130612D663239346566366433373066222C22706F7274223A22706F727432227D2C226F7574707574223A7B2263656C6C223A2263386630323232352D353561332D346635372D383333652D323337356435383466313261222C22706F7274223A22706F727431227D2C227368617065223A2265646765227D2C7B2266726F6E74436F6D706F6E656E744964223A2234306135663831642D356432372D346437642D383231392D376238313165313033316232222C22696E707574223A7B2263656C6C223A2263386630323232352D353561332D346635372D383333652D323337356435383466313261222C22706F7274223A22706F727432227D2C226F7574707574223A7B2263656C6C223A2262623636636663622D316533342D346662622D623830612D613434303530323131353261222C22706F7274223A22706F727431227D2C227368617065223A2265646765227D2C7B2266726F6E74436F6D706F6E656E744964223A2237373032626430362D643263322D343039652D623833652D636335626238623064363461222C22696E707574223A7B2263656C6C223A2262623636636663622D316533342D346662622D623830612D613434303530323131353261222C22706F7274223A22706F727432227D2C226F7574707574223A7B2263656C6C223A2230313631396238652D396162372D346361372D396139362D633735623331323433663439222C22706F7274223A22706F727431227D2C227368617065223A2265646765227D2C7B2266726F6E74436F6D706F6E656E744964223A2237376435393136632D393934662D346133642D383033312D613435643132386235313339222C22696E707574223A7B2263656C6C223A2230313631396238652D396162372D346361372D396139362D633735623331323433663439222C22706F7274223A22706F727432227D2C226F7574707574223A7B2263656C6C223A2233333230663039662D666636382D343339362D393965362D323338633965313430346662222C22706F7274223A22706F727431227D2C227368617065223A2265646765227D2C7B2266726F6E74436F6D706F6E656E744964223A2234633163373135612D343163352D343938322D396538312D663434353064373130393066222C22696E707574223A7B2263656C6C223A2233333230663039662D666636382D343339362D393965362D323338633965313430346662222C22706F7274223A22706F727432227D2C226F7574707574223A7B2263656C6C223A2262623730303831652D623031632D343262332D613231652D373439316462343334323361222C22706F7274223A22706F727431227D2C227368617065223A2265646765227D5D2C227461736B4E616D65223A22E79FADE8A786E9A291E4BBBBE58AA1222C22747261696E54797065223A317D, 1, '2022-04-27 18:40:39', 2, 7.130000, 22, 4.200000, 58, 8.160000, NULL, 5.660000, 39, 6.800000, 6, 5.830000, 9, 1.480000, 15, 0, '2022-04-27 18:39:13.000', '2022-04-27 18:41:07.000');

-- ----------------------------
-- Records of data_model_component
-- ----------------------------
INSERT INTO `data_model_component` (`mc_id`, `model_id`, `input_component_id`, `output_component_id`, `point_type`, `point_json`, `is_del`, `create_date`, `update_date`) VALUES (1, 1, NULL, 2, 'edge', '', 0, '2022-04-27 18:40:34.000', '2022-04-27 18:40:34.000');
INSERT INTO `data_model_component` (`mc_id`, `model_id`, `input_component_id`, `output_component_id`, `point_type`, `point_json`, `is_del`, `create_date`, `update_date`) VALUES (2, 1, 1, 3, 'edge', '', 0, '2022-04-27 18:40:34.000', '2022-04-27 18:40:34.000');
INSERT INTO `data_model_component` (`mc_id`, `model_id`, `input_component_id`, `output_component_id`, `point_type`, `point_json`, `is_del`, `create_date`, `update_date`) VALUES (3, 1, 2, 4, 'edge', '', 0, '2022-04-27 18:40:34.000', '2022-04-27 18:40:34.000');
INSERT INTO `data_model_component` (`mc_id`, `model_id`, `input_component_id`, `output_component_id`, `point_type`, `point_json`, `is_del`, `create_date`, `update_date`) VALUES (4, 1, 3, 5, 'edge', '', 0, '2022-04-27 18:40:34.000', '2022-04-27 18:40:34.000');
INSERT INTO `data_model_component` (`mc_id`, `model_id`, `input_component_id`, `output_component_id`, `point_type`, `point_json`, `is_del`, `create_date`, `update_date`) VALUES (5, 1, 4, 6, 'edge', '', 0, '2022-04-27 18:40:34.000', '2022-04-27 18:40:34.000');
INSERT INTO `data_model_component` (`mc_id`, `model_id`, `input_component_id`, `output_component_id`, `point_type`, `point_json`, `is_del`, `create_date`, `update_date`) VALUES (6, 1, 5, 7, 'edge', '', 0, '2022-04-27 18:40:34.000', '2022-04-27 18:40:34.000');
INSERT INTO `data_model_component` (`mc_id`, `model_id`, `input_component_id`, `output_component_id`, `point_type`, `point_json`, `is_del`, `create_date`, `update_date`) VALUES (7, 1, 6, NULL, 'edge', '', 0, '2022-04-27 18:40:34.000', '2022-04-27 18:40:34.000');

-- ----------------------------
-- Records of data_model_quota
-- ----------------------------
INSERT INTO `data_model_quota` (`quota_id`, `quota_type`, `quota_images`, `model_id`, `component_id`, `auc`, `ks`, `gini`, `precision`, `recall`, `f1_score`, `is_del`, `create_date`, `update_date`) VALUES (1, 1, 'https://pic3.zhimg.com/v2-a74767abb0f1e830aed11c76978d7789_1440w.jpg?source=172ae18b', 1, NULL, 0.821700, 0.908800, 0.717600, 0.871800, 0.214400, 0.778800, 0, '2022-04-27 18:40:38.000', '2022-04-27 18:40:38.000');
INSERT INTO `data_model_quota` (`quota_id`, `quota_type`, `quota_images`, `model_id`, `component_id`, `auc`, `ks`, `gini`, `precision`, `recall`, `f1_score`, `is_del`, `create_date`, `update_date`) VALUES (2, 2, 'http://aandds.com/blog/images/matplotlib_legend_titile.png', 1, NULL, 0.325500, 0.528500, 0.261100, 0.374700, 0.297600, 0.989600, 0, '2022-04-27 18:40:38.000', '2022-04-27 18:40:38.000');

-- ----------------------------
-- Records of data_model_task
-- ----------------------------
INSERT INTO `data_model_task` (`task_id`, `task_status`, `model_id`, `cost_time`, `alignment_ratio`, `alignment_cost`, `analyze_ratio`, `analyze_cost`, `feature_ratio`, `feature_cost`, `sample_ratio`, `sample_cost`, `train_ratio`, `train_cost`, `lack_ratio`, `lack_cost`, `exception_ratio`, `exception_cost`, `is_del`, `create_date`, `update_date`) VALUES (1, 2, 1, '2022-04-27 18:40:39', 7.130000, 22, 4.200000, 58, 8.160000, 36, 5.660000, 39, 6.800000, 6, 5.830000, 9, 1.480000, 15, 0, '2022-04-27 18:40:38.000', '2022-04-27 18:41:07.000');


-- ----------------------------
-- Records of data_mr
-- ----------------------------
INSERT INTO `data_mr` (`id`, `model_id`, `resource_id`, `alignment_num`, `primitive_param_num`, `modelParam_num`, `is_del`, `create_date`, `update_date`) VALUES (1, 1, 8, 5008, 81, 11, 0, '2022-04-27 18:40:34.000', '2022-04-27 18:40:34.000');
INSERT INTO `data_mr` (`id`, `model_id`, `resource_id`, `alignment_num`, `primitive_param_num`, `modelParam_num`, `is_del`, `create_date`, `update_date`) VALUES (2, 1, 9, 3818, 54, 16, 0, '2022-04-27 18:40:34.000', '2022-04-27 18:40:34.000');

-- ----------------------------
-- Records of data_pr
-- ----------------------------
INSERT INTO `data_pr` (`id`, `project_id`, `resource_id`, `is_authed`, `is_del`, `create_date`, `update_date`) VALUES (1, 1, 8, 1, 0, '2022-04-27 18:39:08.000', '2022-04-27 18:39:08.000');
INSERT INTO `data_pr` (`id`, `project_id`, `resource_id`, `is_authed`, `is_del`, `create_date`, `update_date`) VALUES (2, 1, 9, 1, 0, '2022-04-27 18:39:08.000', '2022-04-27 18:39:08.000');
-- ----------------------------
-- Records of data_project
-- ----------------------------
INSERT INTO `data_project` (`project_id`, `project_name`, `project_desc`, `organ_id`, `organ_num`, `resource_num`, `resource_organ_ids`, `auth_resource_num`, `user_id`, `is_del`, `create_date`, `update_date`) VALUES (1, '短视频', '短视频', 1000, 0, 2, '', 2, 1005, 0, '2022-04-27 18:39:08.000', '2022-04-27 18:39:08.000');

-- ----------------------------
-- Records of data_psi
-- ----------------------------
INSERT INTO `data_psi` (`id`, `own_organ_id`, `own_resource_id`, `own_keyword`, `other_organ_id`, `other_resource_id`, `other_keyword`, `output_file_path_type`, `output_no_repeat`, `column_complete_statistics`, `result_name`, `output_content`, `output_format`, `result_organ_ids`, `remarks`, `user_id`, `is_del`, `create_date`, `update_date`) VALUES (1, 1000, 8, 'x1', 1002, 3, '1620', 1, 1, 1, 'test1', 1, '1', '1000', '22w323', 1, 0, '2022-04-27 12:59:48.000', '2022-04-27 12:59:48.000');
-- ----------------------------
-- Records of data_psi_task
-- ----------------------------
INSERT INTO `data_psi_task` (`id`, `psi_id`, `task_id`, `task_state`, `ascription_type`, `ascription`, `file_rows`, `file_path`, `file_content`, `is_del`, `create_date`, `update_date`) VALUES (1, 1, 'cc9977c1-fb9c-471c-8817-1b3538862227', 3, 0, '一方获取差集', 0, 'null2022042712/cc9977c1-fb9c-471c-8817-1b3538862227.csv', NULL, 0, '2022-04-27 12:59:48.000', '2022-04-27 12:59:48.000');
-- ----------------------------
-- Records of data_resource
-- ----------------------------
INSERT INTO `data_resource` (`resource_id`, `resource_name`, `resource_desc`, `resource_sort_type`, `resource_auth_type`, `resource_source`, `resource_num`, `file_id`, `file_size`, `file_suffix`, `file_rows`, `file_columns`, `file_handle_status`, `file_handle_field`, `file_contains_y`, `file_y_rows`, `file_y_ratio`, `public_organ_id`, `resource_fusion_id`, `db_id`, `user_id`, `organ_id`, `url`, `is_del`, `create_date`, `update_date`) VALUES (1, '建设银行信用卡额度数据', '中国建设银行北京地区信用卡额度信息', 1, 1, 1, 0, 1011, 57913, 'csv', 570, 12, 2, 0x69642C792C78302C78312C78322C78332C78342C78352C78362C78372C78382C7839, 0, 0, 0.0000, NULL, '33a66ac2ac94-f3f91850-ed31-4c50-a328-b6ee42eeb373', 0, 1000, 1002, '/data/upload/1/2022042808/b81fca61-1f1c-49b1-9c36-b959f1ab0323.csv', 0, '2022-04-27 17:56:20.000', '2022-06-14 12:50:03.000');
INSERT INTO `data_resource` (`resource_id`, `resource_name`, `resource_desc`, `resource_sort_type`, `resource_auth_type`, `resource_source`, `resource_num`, `file_id`, `file_size`, `file_suffix`, `file_rows`, `file_columns`, `file_handle_status`, `file_handle_field`, `file_contains_y`, `file_y_rows`, `file_y_ratio`, `public_organ_id`, `resource_fusion_id`, `db_id`, `user_id`, `organ_id`, `url`, `is_del`, `create_date`, `update_date`) VALUES (2, '建设银行理财产品', '理财产品相关数据', 1, 2, 1, 0, 1011, 57913, 'csv', 570, 12, 2, 0x69642C792C78302C78312C78322C78332C78342C78352C78362C78372C78382C7839, 0, 0, 0.0000, NULL, '33a66ac2ac94-496b82ff-de29-4ec4-9d28-79d09964651a', 0, 1000, 1002, '/data/upload/1/2022042808/b81fca61-1f1c-49b1-9c36-b959f1ab0323.csv', 0, '2022-04-27 17:57:26.000', '2022-06-14 12:50:03.000');
-- ----------------------------
-- Records of data_resource_auth_record
-- ----------------------------

-- ----------------------------
-- Records of data_resource_tag
-- ----------------------------
INSERT INTO `data_resource_tag` VALUES (1, '信用卡', 0, '2022-04-27 17:56:20.000', '2022-04-27 17:56:20.000');
INSERT INTO `data_resource_tag` VALUES (2, '额度', 0, '2022-04-27 17:56:20.000', '2022-04-27 17:56:20.000');
INSERT INTO `data_resource_tag` VALUES (3, '理财', 0, '2022-04-27 17:57:26.000', '2022-04-27 17:57:26.000');
INSERT INTO `data_resource_tag` VALUES (4, '用户满意度', 0, '2022-04-27 17:58:45.000', '2022-04-27 17:58:45.000');
INSERT INTO `data_resource_tag` VALUES (5, '调查', 0, '2022-04-27 17:58:45.000', '2022-04-27 17:58:45.000');
INSERT INTO `data_resource_tag` VALUES (6, '话费', 0, '2022-04-27 18:00:51.000', '2022-04-27 18:00:51.000');
INSERT INTO `data_resource_tag` VALUES (7, '充值', 0, '2022-04-27 18:00:51.000', '2022-04-27 18:00:51.000');
INSERT INTO `data_resource_tag` VALUES (8, '额度', 0, '2022-04-27 18:02:04.000', '2022-04-27 18:02:04.000');
INSERT INTO `data_resource_tag` VALUES (9, '位置', 0, '2022-04-27 18:04:26.000', '2022-04-27 18:04:26.000');
INSERT INTO `data_resource_tag` VALUES (10, '身份证', 0, '2022-04-27 18:04:49.000', '2022-04-27 18:04:49.000');
INSERT INTO `data_resource_tag` VALUES (11, '消费', 0, '2022-04-27 18:05:31.000', '2022-04-27 18:05:31.000');
INSERT INTO `data_resource_tag` VALUES (12, '支出', 0, '2022-04-27 18:05:31.000', '2022-04-27 18:05:31.000');
INSERT INTO `data_resource_tag` VALUES (13, '视频', 0, '2022-04-27 18:06:13.000', '2022-04-27 18:06:13.000');

-- ----------------------------
-- Records of data_rt
-- ----------------------------
INSERT INTO `data_rt` VALUES (1, 1, 1, 0, '2022-04-27 17:56:20.000', '2022-04-27 17:56:20.000');
INSERT INTO `data_rt` VALUES (2, 1, 2, 0, '2022-04-27 17:56:20.000', '2022-04-27 17:56:20.000');
INSERT INTO `data_rt` VALUES (3, 2, 3, 0, '2022-04-27 17:57:26.000', '2022-04-27 17:57:26.000')
-- ----------------------------
-- Records of sys_file
-- ----------------------------
INSERT INTO `sys_file` VALUES (1000, 1, 'd:/data/upload/1/2022042717/f84b38e6-df36-469a-85c2-efd8d17b8a3e.csv', 'f84b38e6-df36-469a-85c2-efd8d17b8a3e', 'csv', 229787, 229787, 'local', 0, '2022-04-27 17:56:17.296', '2022-04-27 17:56:17.296');
INSERT INTO `sys_file` VALUES (1001, 1, 'd:/data/upload/1/2022042717/53ce47cd-ee99-4e69-add6-9996bbcc4fbd.csv', '53ce47cd-ee99-4e69-add6-9996bbcc4fbd', 'csv', 85434, 85434, 'local', 0, '2022-04-27 17:57:24.508', '2022-04-27 17:57:24.508');
INSERT INTO `sys_file` VALUES (1002, 1, 'd:/data/upload/1/2022042717/14d6bc06-396c-4744-98c8-3a2d566bb68f.csv', '14d6bc06-396c-4744-98c8-3a2d566bb68f', 'csv', 262144, 262144, 'local', 0, '2022-04-27 17:58:40.815', '2022-04-27 17:58:40.815');
INSERT INTO `sys_file` VALUES (1003, 1, 'd:/data/upload/1/2022042717/c398d891-0ddf-4fb9-bdd6-ccee7f619a77.csv', 'c398d891-0ddf-4fb9-bdd6-ccee7f619a77', 'csv', 262144, 262144, 'local', 0, '2022-04-27 17:58:40.815', '2022-04-27 17:58:40.815');
INSERT INTO `sys_file` VALUES (1004, 1, 'd:/data/upload/1/2022042717/fa562a6a-e419-4618-b35e-a94f4e80911e.csv', 'fa562a6a-e419-4618-b35e-a94f4e80911e', 'csv', 328376, 328376, 'local', 0, '2022-04-27 17:58:40.817', '2022-04-27 17:58:40.817');
INSERT INTO `sys_file` VALUES (1005, 1, 'd:/data/upload/1/2022042718/5d3aa10b-7feb-49c8-b712-4613f93905c6.csv', '5d3aa10b-7feb-49c8-b712-4613f93905c6', 'csv', 174069, 174069, 'local', 0, '2022-04-27 18:00:49.195', '2022-04-27 18:00:49.195');
INSERT INTO `sys_file` VALUES (1006, 1, 'd:/data/upload/1/2022042718/ea717282-257a-4365-ab80-c132ecbf0307.csv', 'ea717282-257a-4365-ab80-c132ecbf0307', 'csv', 468965, 468965, 'local', 0, '2022-04-27 18:02:03.222', '2022-04-27 18:02:03.222');
INSERT INTO `sys_file` VALUES (1007, 1, 'd:/data/upload/1/2022042718/28efe5c0-ec48-491a-8722-47b4fea62746.csv', '28efe5c0-ec48-491a-8722-47b4fea62746', 'csv', 155430, 155430, 'local', 0, '2022-04-27 18:04:25.237', '2022-04-27 18:04:25.237');
INSERT INTO `sys_file` VALUES (1008, 1, 'd:/data/upload/1/2022042718/180da108-6a8b-4487-afaf-0eb82e7fbade.csv', '180da108-6a8b-4487-afaf-0eb82e7fbade', 'csv', 468965, 468965, 'local', 0, '2022-04-27 18:04:46.766', '2022-04-27 18:04:46.766');
INSERT INTO `sys_file` VALUES (1009, 1, 'd:/data/upload/1/2022042718/54afae23-c1dd-4849-a20e-56e959bd36c2.csv', '54afae23-c1dd-4849-a20e-56e959bd36c2', 'csv', 71460, 71460, 'local', 0, '2022-04-27 18:05:29.456', '2022-04-27 18:05:29.456');
INSERT INTO `sys_file` VALUES (1010, 1, 'd:/data/upload/1/2022042718/bba54699-0ed0-4949-ae3a-5f2c9022657d.csv', 'bba54699-0ed0-4949-ae3a-5f2c9022657d', 'csv', 468965, 468965, 'local', 0, '2022-04-27 18:06:03.216', '2022-04-27 18:06:03.216');
